subreddit,thread_id,title,date
lck,q5cxwh,Richest LCK teams currently?,2021-10-10 17:49:24
lck,q5eby4,Every Chovy Kill from Worlds Play-In Stage | 2021 LoL World Championships,2021-10-10 19:00:18
lck,q6dbxg,Wolf's cheat sheet on becoming a caster.,2021-10-12 03:45:25
leagueoflegends,q6oi8k,Riot is disabling /all chat in all matchmaking modes.,2021-10-12 15:19:07
LCS,q6yu06,And so goes our chance to have a one game lead against FP-FUCKING-X,2021-10-12 23:52:30
lck,q7f7lc,Faker Hype Montage SoloQ from Bootcamp in Iceland 2021! Tell me what you think guys ! Cheer T1 this year!,2021-10-13 16:44:04
lck,q7xquo,Valdez out right says that RGE doesn't have a chance while claiming victory against FNC on their first match. Prediction gone wrong? Or did they just got lucky? Share your thoughts on this.,2021-10-14 11:28:00
lck,q8oqgu,2021 Worlds Championship Lineup and Prediction from shoutcasters Wolf and Valdez.,2021-10-15 13:43:43
LCS,q8tkyk,NA VS EU SHOWDOWN DROP THE GLOVES DROP THE BASS DROP YOUR PANTIES WERE GOING INTO TIEBRRRRREAKERRR,2021-10-15 17:46:48
leagueoflegends,q8v3hu,Tiebreaker 2 / 2021 World Championship - Group A / Post-Match Discussion,2021-10-15 19:02:26
lplcn,q8wqzw,FPX worlds 2021 group A result,2021-10-15 20:27:30
lck,q9hqqh,What should T1 do with Teddy and Zeus?,2021-10-16 18:32:57
LCS,qaq20y,Roster is actually going to be awesome just because he is such a storied player himself.,2021-10-18 16:20:44
LCS,qb3ew8,WE got the easy team lul,2021-10-19 03:58:02
lck,qbbhyv,Wanna see some predicts about finals. Realisticly speaking who will win T1 or HLE. How will turn out possible match between T1 and DK. Does T1 even stand a chance or will it be the same as summer.,2021-10-19 13:26:01
lck,qbbxrz,"What would Chovy's performance be like? Basing from their predictions, he's gonna take over the Championship game.",2021-10-19 13:51:02
lck,qbezx1,"Best Moments from Group Stage Week 2 (Outplays, Fails, Funny Moments) | 2021 LoL World Championships",2021-10-19 16:22:05
lck,qbx7j2,GenG vs C9,2021-10-20 09:48:58
lck,qc0bm1,EUW Bootcamp | DK Smurf at EUW Rank,2021-10-20 13:01:25
LCS,qc1y9j,The top lane can be really interesting because kana is a guy that we've definitely seen to be pretty inconsistent throughout the LCK but started to get more on form like he is peaking nicely and he does.,2021-10-20 14:20:02
lck,qcqcoj,Tomorrow's match up between T1 and Hanwha Life Esports is a must watch. Who do you think will reign victorious between the two? Know LCK Shoutcasters Wolf and Valdez's insights and prediction in this Video.,2021-10-21 12:11:04
lplcn,qe2tqj,I really thought that LNG will be the biggest problem for the team HLE since Wolf said it. But it was SKT who sent them home after all hahahahahha.,2021-10-23 11:06:09
lck,qe64eu,"Woaaaaaah! as predicted RNG fights fiercely, EDG is advantageous, but throws terribly... It was not a ban-pick car, so the game must have been turned over in the middle. XD What an insights Wolf XDðŸ’¥",2021-10-23 14:41:05
lck,qfxvrp,LCK's Wolf statement on HLE and Fnatic. And yet HLE was the one who entered the quarter finals. SMH.,2021-10-26 03:44:09
leagueoflegends,qg0507,Teemo saves game with mushrooms against a soul and elder team.,2021-10-26 06:14:35
LCS,qg0d6i,Its a shame that Cloud9 lost the game but on the other hand Gen.G is at full throttle for this. Upcoming next game is Gen.G vs EDG I hope whoever wins this would set an example for new games gameplay,2021-10-26 06:31:42
LCS,qg15in,"RULER literally ruled the game at 3-0! Gen G vs Cloud9! The ex-champion, stepping up the game!",2021-10-26 07:31:14
lplcn,qhebdu,LNG was a promising team this year. Sadly they placed 3rd and didn't make it into the quarterfinals.,2021-10-28 03:53:25
lck,qhh2cw,Valdez's interview with LCK caster! It's so fun to watch both of my fave caster having a conversation in one vid.,2021-10-28 06:53:08
leagueoflegends,qhxcbr,Bjergsen leaving TSM,2021-10-28 21:42:39
lck,qichil,"Hmmm who would go to Finals with the quarter's game tomorrow. Best of luck to both teams tho, what a great season it has been.",2021-10-29 13:10:58
lplcn,qiwst5,Who is looking forward to tomorrow's match? This match is likely to feature two very different styles and aims to see who plays best against their opponents but EDG should be able to defeat Gen.G in a fairly compelling way. It all depends on how Gen.G handles the game.,2021-10-30 08:00:20
lck,qja6ya,how tall is showmaker?,2021-10-30 20:44:54
lck,qlpvja,"Looks like DWG already has this match in the bag. Up until now DAMWON is dominating. Being undefeated and all, but T1 stopped their winning streak and made a dent on their record, but in the end. DWG won, and now they're up against EDG. Will they win effortlessly? Or will EDG topple them?",2021-11-03 08:15:26
leagueoflegends,q58hok,Worlds 2021 Prediction Tournament,2021-11-04 21:36:39
lck,qn77pm,"I know we're in the finals now, and all eyes are on DK. But first, let's talk about HLE. I'm thrilled they made it up to the quarterfinals, but without Chovy, the ""Chovy factor,"" I doubt they'll made at the Worlds 2021. Hope to see them again next year.",2021-11-05 09:20:18
lplcn,qo0hlw,EDG Scout Glasses,2021-11-06 13:41:24
leagueoflegends,qo4gxm,DWG KIA vs. EDward Gaming / 2021 World Championship - Final / Post-Match Discussion,2021-11-06 17:01:40
lplcn,qo5dwg,WE ARE THE CHAMPION!!!!!,2021-11-06 17:47:19
leagueoflegends,qogqb0,"Arcane is everything we could have wanted, and more!",2021-11-07 04:03:10
lck,qon5e0,"That look in his after failing to secure their win against EDG. It's okay Showmaker, we can always go back on top. Let's win next year!",2021-11-07 12:01:46
lplcn,qp4s5m,Where to get EDG flag?,2021-11-08 03:14:39
leagueoflegends,qpetjt,"Arcane debuts Top 1 on Netflix TV Shows, reaches Top 1 in 38 countries",2021-11-08 14:30:41
lplcn,qptyyp,EDG dethroned DWG and lifted the Summonerâ€™s Cup for the first time ever in the orgâ€™s history. Congrats EDward Gaming!,2021-11-09 02:46:43
leagueoflegends,qpuxcx,So glad I've finally achieved the glory of honor level 5,2021-11-09 03:40:35
lck,qq4dep,"As to what chronicler insights tho, I hope for a comeback for LCK's, especially with their rosters that would definitely secure the cup next season XD",2021-11-09 14:04:18
lplcn,qq5xji,The NEST tournament starts in two days!,2021-11-09 15:20:31
lck,qrc4lq,"HLE had the ""Chovy Factor"" but they didn't stand a chance against the Demon King himself in the quarter finals. Sad to see them lose but to be honest, that's an incredible feat, reaching Quarter Finals when they're in the same group as Fnatic and PSG Talon.",2021-11-11 03:49:50
lck,qrq24j,DK Ghost on Jhin POV - DK vs. T1 - Worlds Semifinals G1 | Full Game VOD | LoL Worlds 2021,2021-11-11 17:17:39
